machine_type,mean_energy,std_energy,n_files
ToyCar,0.5180075764656067,0.14122118055820465,1000
ToyTrain,0.5476354956626892,0.12089834362268448,1000
bearing,0.3796604871749878,0.1335834413766861,1000
fan,0.437796950340271,0.16034696996212006,1000
gearbox,0.5476354956626892,0.12089834362268448,1000
slider,0.5476354956626892,0.12089834362268448,1000
valve,0.4292902648448944,0.13847480714321136,1000
