Model,AUC,pAUC
Baseline AE (per-machine),0.5030530612244898,0.03706122448979592
Multi-Task (per-machine),0.5050755102040816,0.03910204081632653
