{
  "ToyCar": {
    "mean": 0.0016238216776400805,
    "std": 0.00022241105034481734
  },
  "ToyTrain": {
    "mean": 0.002432961482554674,
    "std": 0.0003478653961792588
  },
  "bearing": {
    "mean": 0.0034462253097444773,
    "std": 0.0005543243023566902
  },
  "fan": {
    "mean": 0.003561906749382615,
    "std": 0.0006333519704639912
  },
  "gearbox": {
    "mean": 0.0024266892578452826,
    "std": 0.0003462234162725508
  },
  "slider": {
    "mean": 0.0024308995343744755,
    "std": 0.0003474730474408716
  },
  "valve": {
    "mean": 0.0033635415602475405,
    "std": 0.0005495073273777962
  }
}